"name",code,"constituency_id"
"ABAKO", 4,"AJURI COUNTY"
"ABANGA", 8,"OKORO COUNTY"
"ABARILELA", 1,"AMURIA COUNTY"
"ABER", 1,"OYAM COUNTY SOUTH"
"ABIA", 6,"MOROTO COUNTY"
"ABIM", 1,"LABWOR COUNTY"
"ABIM TOWN COUNCIL", 6,"LABWOR COUNTY"
"ABOK", 7,"OYAM COUNTY NORTH"
"ABOKE", 1,"KOLE COUNTY"
"ABONGOMOLA", 5,"KWANIA COUNTY"
"ABUKU", 6,"KOBOKO COUNTY"
"ACHABA", 1,"OYAM COUNTY NORTH"
"ACHOLI-BUR", 1,"ARUU COUNTY"
"ACOWA", 1,"KAPELEBYONG COUNTY"
"ADEKNINO", 7,"DOKOLO COUNTY"
"ADEKOKWOK", 1,"ERUTE COUNTY SOUTH"
"ADILANG", 1,"AGAGO COUNTY"
"ADJUMANI TOWN COUNCIL", 1,"EAST MOYO COUNTY"
"ADOK", 8,"DOKOLO COUNTY"
"ADROPI", 2,"EAST MOYO COUNTY"
"ADUKU", 1,"KWANIA COUNTY"
"ADUKU TOWN COUNCIL", 6,"KWANIA COUNTY"
"ADUMI", 1,"AYIVU COUNTY"
"ADWARI", 1,"OTUKE COUNTY"
"ADYEL", 1,"LIRA MUNICIPALITY"
"AGALI", 4,"ERUTE COUNTY SOUTH"
"AGIKDAK", 6,"KIOGA COUNTY"
"AGORO", 1,"LAMWO COUNTY"
"AGULE", 1,"AGULE COUNTY"
"AGWATTA", 1,"DOKOLO COUNTY"
"AGWENG", 4,"ERUTE COUNTY NORTH"
"AGWINGIRI", 7,"KIOGA COUNTY"
"AII-VU/AJIVU", 1,"TEREGO COUNTY"
"AJIA", 1,"VURRA COUNTY"
"AKALO", 2,"KOLE COUNTY"
"AKISIM", 10,"AGULE COUNTY"
"AKOKORO", 1,"MARUZI COUNTY"
"AKURA", 7,"MOROTO COUNTY"
"AKWANG", 9,"CHUA COUNTY"
"AKWON", 8,"KIOGA COUNTY"
"AKWORO", 1,"PADYERE COUNTY"
"ALEBTONG TOWN COUNCIL", 2,"MOROTO COUNTY"
"ALEKA", 6,"OYAM COUNTY NORTH"
"ALEREK", 2,"LABWOR COUNTY"
"ALERO", 1,"NWOYA COUNTY"
"ALIBA", 1,"OBONGI COUNTY"
"ALITO", 3,"KOLE COUNTY"
"ALOI", 3,"MOROTO COUNTY"
"ALWA", 1,"KABERAMAIDO COUNTY"
"ALWI", 6,"JONAM COUNTY"
"AMACH", 2,"ERUTE COUNTY SOUTH"
"AMOLATAR TOWN COUNCIL", 5,"KIOGA COUNTY"
"AMUDAT", 1,"UPE COUNTY"
"AMUDAT TOWN COUNCIL", 4,"UPE COUNTY"
"AMUGU", 2,"AJURI COUNTY"
"AMURIA TOWN COUNCIL", 7,"AMURIA COUNTY"
"AMURU", 1,"KILAK COUNTY"
"AMURU TOWN COUNCIL", 5,"KILAK COUNTY"
"AMWOMA", 9,"DOKOLO COUNTY"
"ANAKA (PAYIRA)", 2,"NWOYA COUNTY"
"ANAKA TOWN COUNCIL", 5,"NWOYA COUNTY"
"ANGAGURA", 10,"ARUU COUNTY"
"ANYARA", 1,"KALAKI COUNTY"
"ANYIRIBU", 8,"MADI-OKOLLO COUNTY"
"APAC", 2,"MARUZI COUNTY"
"APAC TOWN COUNCIL", 3,"MARUZI COUNTY"
"APALA", 1,"MOROTO COUNTY"
"APAPAI", 5,"KALAKI COUNTY"
"APERIKIRA", 6,"KABERAMAIDO COUNTY"
"APO", 8,"ARINGA COUNTY"
"APOPONG", 2,"AGULE COUNTY"
"APUTI", 3,"KIOGA COUNTY"
"ARAPAI", 1,"SOROTI COUNTY"
"ARINYAPI", 7,"EAST MOYO COUNTY"
"ARIVU", 2,"VURRA COUNTY"
"ARIWA", 11,"ARINGA COUNTY"
"AROI", 2,"AYIVU COUNTY"
"AROMO", 1,"ERUTE COUNTY NORTH"
"ARUA HILL", 1,"ARUA MUNICIPALITY"
"ARUM", 11,"AGAGO COUNTY"
"ARWOTCEK", 9,"KIOGA COUNTY"
"ASAMUK", 2,"AMURIA COUNTY"
"ASURET", 2,"SOROTI COUNTY"
"ATANGA", 2,"ARUU COUNTY"
"ATEGO", 8,"PADYERE COUNTY"
"ATIAK", 2,"KILAK COUNTY"
"ATIIRA", 1,"SERERE COUNTY"
"ATUTUR", 1,"KUMI COUNTY"
"ATYAK", 1,"OKORO COUNTY"
"AWACH", 1,"ASWA COUNTY"
"AWEI", 8,"AJURI COUNTY"
"AWELLO", 4,"KIOGA COUNTY"
"AWERE", 3,"ARUU COUNTY"
"AYER", 4,"KOLE COUNTY"
"AYIVUNI", 7,"AYIVU COUNTY"
"BAGEZZA", 1,"KASAMBYA COUNTY"
"BAITAMBOGWE", 1,"BUNYA COUNTY WEST"
"BALAWOLI", 1,"BUGABULA COUNTY NORTH"
"BALLA", 5,"KOLE COUNTY"
"BAMUNANIKA", 1,"BAMUNANIKA COUNTY"
"BANDA", 1,"BUKOOLI SOUTH COUNTY"
"BAR-DEGE", 1,"GULU MUNICIPALITY"
"BARR", 3,"ERUTE COUNTY SOUTH"
"BATTA", 2,"DOKOLO COUNTY"
"BBAALE", 1,"BBALE COUNTY"
"BBANDA", 5,"BUSUJJU COUNTY"
"BELEAFE", 2,"TEREGO COUNTY"
"BENET", 1,"KWEEN COUNTY"
"BIGASA", 1,"BUKOMANSIMBI COUNTY"
"BIGULI", 8,"KIBALE COUNTY"
"BIHANGA", 1,"BUHWEJU COUNTY"
"BIHARWE", 9,"KASHARI COUNTY"
"BIISO", 1,"BULIISA COUNTY"
"BINYINY", 2,"KWEEN COUNTY"
"BINYINYI TOWN COUNCIL", 11,"KWEEN COUNTY"
"BIREMBO", 7,"BUGANGAIZI WEST COUNTY"
"BIRERE", 1,"ISINGIRO COUNTY NORTH"
"BISHESHE", 1,"IBANDA COUNTY NORTH"
"BITEREKO", 1,"RUHINDA COUNTY"
"BITOOMA", 5,"IGARA COUNTY WEST"
"BITSYA", 5,"BUHWEJU COUNTY"
"BOBI", 1,"OMORO COUNTY"
"BOMBO TOWN COUNCIL", 1,"KATIKAMU COUNTY SOUTH"
"BUBAARE", 1,"KASHARI COUNTY"
"BUBANDI", 1,"BWAMBA COUNTY"
"BUBANGO", 6,"BUYANJA COUNTY"
"BUBARE", 1,"RUBANDA COUNTY EAST"
"BUBEKE", 2,"KYAMUSWA COUNTY"
"BUBIITA", 1,"MANJIYA COUNTY"
"BUBUKWANGA", 2,"BWAMBA COUNTY"
"BUBUTU", 5,"BUBULO COUNTY EAST"
"BUBYANGU", 6,"BUNGOKHO COUNTY NORTH"
"BUDADIRI TOWN COUNCIL", 9,"BUDADIRI COUNTY EAST"
"BUDAKA", 1,"BUDAKA COUNTY"
"BUDAKA TOWN COUNCIL", 8,"BUDAKA COUNTY"
"BUDDE", 1,"BUTAMBALA COUNTY"
"BUDHAYA", 5,"BUKOOLI COUNTY CENTRAL"
"BUDONDO", 1,"KAGOMA COUNTY"
"BUDONGO", 1,"BUJENJE COUNTY"
"BUDUDA", 2,"MANJIYA COUNTY"
"BUDUDA TOWN COUNCIL", 8,"MANJIYA COUNTY"
"BUDUMBA", 1,"BUNYOLE WEST COUNTY"
"BUDWALE", 7,"BUNGOKHO COUNTY NORTH"
"BUFUMBO", 1,"BUNGOKHO COUNTY NORTH"
"BUFUMIRA", 1,"KYAMUSWA COUNTY"
"BUFUNDI", 1,"RUBANDA COUNTY WEST"
"BUFUNJO", 1,"MWENGE COUNTY NORTH"
"BUGAAKI", 2,"MWENGE COUNTY NORTH"
"BUGAMBA", 1,"RWAMPARA COUNTY"
"BUGAMBE", 1,"BUHAGUZI COUNTY"
"BUGANGARI", 1,"RUJUMBURA COUNTY"
"BUGAYA", 1,"BUDIOPE EAST COUNTY"
"BUGEMBE TOWN COUNCIL", 4,"BUTEMBE COUNTY"
"BUGINYANYA", 1,"BULAMBULI COUNTY"
"BUGIRI TOWN COUNCIL", 1,"BUKOOLI COUNTY NORTH"
"BUGITIMWA", 6,"BUDADIRI COUNTY EAST"
"BUGOBERO", 1,"BUBULO COUNTY WEST"
"BUGONDO", 1,"KASILO COUNTY"
"BUGONGI", 1,"SHEEMA COUNTY SOUTH"
"BUGONGI TOWN COUNCIL", 5,"SHEEMA COUNTY SOUTH"
"BUGOYE", 1,"BUSONGORA COUNTY NORTH"
"BUGULUMBYA", 1,"BUZAAYA COUNTY"
"BUHANDA", 5,"KITAGWENDA COUNTY"
"BUHANIKA", 1,"BUGAHYA COUNTY"
"BUHARA", 1,"NDORWA COUNTY EAST"
"BUHEESI", 1,"BUNYANGABU COUNTY"
"BUHEHE", 1,"SAMIA BUGWE COUNTY SOUTH"
"BUHEMBA", 6,"BUKOOLI SOUTH COUNTY"
"BUHIMBA", 2,"BUHAGUZI COUNTY"
"BUHUGU", 1,"BUDADIRI COUNTY EAST"
"BUHUHIRA", 7,"BUSONGORA COUNTY NORTH"
"BUHUNGA", 2,"RUJUMBURA COUNTY"
"BUIKWE", 1,"BUIKWE COUNTY SOUTH"
"BUIKWE TOWN COUNCIL", 6,"BUIKWE COUNTY SOUTH"
"BUJUMBA", 1,"BUJUMBA COUNTY"
"BUJUMBURA DIVISION", 1,"HOIMA MUNICIPALITY"
"BUKABOOLI", 3,"BUNYA COUNTY EAST"
"BUKAKATA", 1,"BUKOTO COUNTY EAST"
"BUKALASI", 9,"MANJIYA COUNTY"
"BUKANGA", 1,"LUUKA COUNTY"
"BUKASAKYA", 7,"BUNGOKHO COUNTY SOUTH"
"BUKATUBE", 4,"BUNYA COUNTY WEST"
"BUKEDEA", 1,"BUKEDEA COUNTY"
"BUKEDEA TOWN COUNCIL", 6,"BUKEDEA COUNTY"
"BUKHABUSI", 14,"BUBULO COUNTY EAST"
"BUKHALU", 2,"BULAMBULI COUNTY"
"BUKHAWEKA", 15,"BUBULO COUNTY EAST"
"BUKHIENDE", 1,"BUNGOKHO COUNTY SOUTH"
"BUKHOFU", 15,"BUBULO COUNTY WEST"
"BUKHULO", 4,"BUDADIRI COUNTY WEST"
"BUKIABI", 13,"BUBULO COUNTY EAST"
"BUKIBOKOLO", 3,"MANJIYA COUNTY"
"BUKIGAI", 4,"MANJIYA COUNTY"
"BUKIIRO", 2,"KASHARI COUNTY"
"BUKIISE", 10,"BUDADIRI COUNTY EAST"
"BUKIMBIRI", 1,"BUFUMBIRA COUNTY EAST"
"BUKINDA", 1,"RUKIGA COUNTY"
"BUKIYI", 6,"BUDADIRI COUNTY WEST"
"BUKOHO", 10,"BUBULO COUNTY EAST"
"BUKOMANSIMBI TOWN COUNCIL", 5,"BUKOMANSIMBI COUNTY"
"BUKOMERO", 1,"KIBOGA EAST COUNTY"
"BUKONDE", 2,"BUNGOKHO COUNTY NORTH"
"BUKONZO", 4,"BUGHENDERA COUNTY"
"BUKOOMA", 2,"LUUKA COUNTY"
"BUKULULA", 1,"KALUNGU EAST COUNTY"
"BUKUSU", 7,"BUBULO COUNTY WEST"
"BUKUUKU", 1,"BURAHYA COUNTY"
"BUKUYA", 1,"KASSANDA COUNTY NORTH"
"BUKWA", 1,"KONGASIS COUNTY"
"BUKWO TOWN COUNCIL", 5,"KONGASIS COUNTY"
"BUKYABO", 7,"BUDADIRI COUNTY EAST"
"BUKYAMBI", 11,"BUDADIRI COUNTY EAST"
"BULAGO", 3,"BULAMBULI COUNTY"
"BULAMAGI", 1,"KIGULU COUNTY SOUTH"
"BULANGE", 1,"BUSIKI COUNTY"
"BULANGIRA", 1,"KIBUKU COUNTY"
"BULEGENI", 4,"BULAMBULI COUNTY"
"BULEGENI TOWN COUNCIL", 16,"BULAMBULI COUNTY"
"BULEMBIA DIVISION", 1,"KASESE MUNICIPALITY"
"BULERA", 1,"MITYANA COUNTY NORTH"
"BULESA", 1,"BUKOOLI COUNTY CENTRAL"
"BULIDHA", 6,"BUKOOLI COUNTY CENTRAL"
"BULIISA", 2,"BULIISA COUNTY"
"BULIISA TOWN COUNCIL", 3,"BULIISA COUNTY"
"BULO", 2,"BUTAMBALA COUNTY"
"BULONGO", 3,"LUUKA COUNTY"
"BULOPA", 1,"BUGABULA COUNTY SOUTH"
"BULUCHEKE", 5,"MANJIYA COUNTY"
"BULUGANYA", 5,"BULAMBULI COUNTY"
"BULUGUYI", 2,"BUKOOLI COUNTY NORTH"
"BULULU", 2,"KALAKI COUNTY"
"BULUMBI", 1,"SAMIA BUGWE COUNTY NORTH"
"BUMALIMBA", 12,"BUDADIRI COUNTY EAST"
"BUMANYA", 1,"BULAMOGI COUNTY"
"BUMASHETI", 10,"MANJIYA COUNTY"
"BUMASIFWA", 2,"BUDADIRI COUNTY EAST"
"BUMASIKYE", 8,"BUNGOKHO COUNTY SOUTH"
"BUMASOBO", 10,"BULAMBULI COUNTY"
"BUMAYOKA", 6,"MANJIYA COUNTY"
"BUMBAIRE", 1,"IGARA COUNTY EAST"
"BUMBO", 3,"BUBULO COUNTY EAST"
"BUMBOBI", 11,"BUNGOKHO COUNTY SOUTH"
"BUMWONI", 2,"BUBULO COUNTY EAST"
"BUNABWANA", 8,"BUBULO COUNTY WEST"
"BUNAMBUTYE", 6,"BULAMBULI COUNTY"
"BUNDIBUGYO TOWN COUNCIL", 3,"BWAMBA COUNTY"
"BUNGATIRA", 2,"ASWA COUNTY"
"BUNGOKHO", 2,"BUNGOKHO COUNTY SOUTH"
"BUNYAFWA", 7,"BUDADIRI COUNTY WEST"
"BUPOTO", 4,"BUBULO COUNTY EAST"
"BUREMBA", 1,"KAZO COUNTY"
"BURERE", 2,"BUHWEJU COUNTY"
"BURORA", 10,"BUYAGA WEST COUNTY"
"BURUNGA", 2,"KAZO COUNTY"
"BUSAANA", 1,"NTENJERU COUNTY NORTH"
"BUSABA", 2,"BUNYOLE WEST COUNTY"
"BUSABI", 10,"BUNYOLE WEST COUNTY"
"BUSAKIRA", 4,"BUNYA COUNTY SOUTH"
"BUSAMUZI", 2,"BUVUMA ISLANDS COUNTY"
"BUSANO", 3,"BUNGOKHO COUNTY SOUTH"
"BUSANZA", 1,"BUFUMBIRA COUNTY NORTH"
"BUSARU", 4,"BWAMBA COUNTY"
"BUSEDDE", 1,"BUTEMBE COUNTY"
"BUSEMBATIA TOWN COUNCIL", 5,"BUGWERI COUNTY"
"BUSERUKA", 2,"BUGAHYA COUNTY"
"BUSETA", 2,"KIBUKU COUNTY"
"BUSHIKA", 7,"MANJIYA COUNTY"
"BUSHIRIBO", 11,"MANJIYA COUNTY"
"BUSHIYI", 12,"MANJIYA COUNTY"
"BUSIISI DIVISION", 3,"HOIMA MUNICIPALITY"
"BUSIMBI", 1,"MITYANA COUNTY SOUTH"
"BUSIME", 6,"SAMIA BUGWE COUNTY SOUTH"
"BUSIRIBA", 6,"KIBALE COUNTY"
"BUSITEMA", 3,"SAMIA BUGWE COUNTY NORTH"
"BUSIU", 4,"BUNGOKHO COUNTY SOUTH"
"BUSOBA", 5,"BUNGOKHO COUNTY SOUTH"
"BUSOLWE", 3,"BUNYOLE WEST COUNTY"
"BUSOLWE TOWN COUNCIL", 9,"BUNYOLE WEST COUNTY"
"BUSORO", 2,"BURAHYA COUNTY"
"BUSSI", 4,"BUSIRO COUNTY SOUTH"
"BUSUKUYA", 9,"BUBULO COUNTY WEST"
"BUSULANI", 3,"BUDADIRI COUNTY EAST"
"BUSWALE", 2,"BUKOOLI SOUTH COUNTY"
"BUTAGAYA", 2,"KAGOMA COUNTY"
"BUTALEJA", 4,"BUNYOLE EAST COUNTY"
"BUTALEJA TOWN COUNCIL", 8,"BUNYOLE EAST COUNTY"
"BUTANDA", 4,"NDORWA COUNTY WEST"
"BUTANDIGA", 4,"BUDADIRI COUNTY EAST"
"BUTANSI", 2,"BUGABULA COUNTY SOUTH"
"BUTAYUNJA", 1,"BUSUJJU COUNTY"
"BUTEBA", 4,"SAMIA BUGWE COUNTY NORTH"
"BUTEBO", 1,"BUTEBO COUNTY"
"BUTEMBA", 1,"KIBOGA WEST COUNTY"
"BUTEMBA TOWN COUNCIL", 9,"KIBOGA WEST COUNTY"
"BUTENGA", 2,"BUKOMANSIMBI COUNTY"
"BUTEZA", 3,"BUDADIRI COUNTY WEST"
"BUTIABA", 4,"BULIISA COUNTY"
"BUTIITI", 1,"MWENGE COUNTY SOUTH"
"BUTIRU", 2,"BUBULO COUNTY WEST"
"BUTOLOOGO", 2,"BUWEKULA COUNTY"
"BUTTA", 10,"BUBULO COUNTY WEST"
"BUTUNDUZI", 5,"MWENGE COUNTY SOUTH"
"BUTUNDUZI TOWN COUNCIL", 9,"MWENGE COUNTY SOUTH"
"BUTUNGAMA", 4,"NTOROKO COUNTY"
"BUTUNTUMULA", 1,"KATIKAMU COUNTY NORTH"
"BUVUMA TOWN COUNCIL", 5,"BUVUMA ISLANDS COUNTY"
"BUWAAYA", 1,"BUNYA COUNTY EAST"
"BUWABWALA", 1,"BUBULO COUNTY EAST"
"BUWAGOGO", 3,"BUBULO COUNTY WEST"
"BUWALASI", 1,"BUDADIRI COUNTY WEST"
"BUWALI", 13,"MANJIYA COUNTY"
"BUWAMA", 1,"MAWOKOTA COUNTY SOUTH"
"BUWASA", 8,"BUDADIRI COUNTY WEST"
"BUWENGE", 3,"KAGOMA COUNTY"
"BUWENGE TOWN COUNCIL", 4,"KAGOMA COUNTY"
"BUWUNGA", 2,"BUKOTO COUNTY EAST"
"BUYANGA", 1,"BUGWERI COUNTY"
"BUYANJA", 1,"RUBABO COUNTY"
"BUYENDE", 2,"BUDIOPE WEST COUNTY"
"BUYENDE TOWN COUNCIL", 6,"BUDIOPE WEST COUNTY"
"BUYENGO", 5,"KAGOMA COUNTY"
"BUYINJA", 3,"BUKOOLI SOUTH COUNTY"
"BUYOBO", 2,"BUDADIRI COUNTY WEST"
"BWAMBARA", 3,"RUJUMBURA COUNTY"
"BWAMIRAMIRA", 1,"BUYANJA COUNTY"
"BWANSWA", 1,"BUGANGAIZI WEST COUNTY"
"BWEEMA", 3,"BUVUMA ISLANDS COUNTY"
"BWERA", 1,"BUKONJO COUNTY WEST"
"BWERAMULE", 5,"NTOROKO COUNTY"
"BWESUMBU", 6,"BUSONGORA COUNTY NORTH"
"BWEYALE TOWN COUNCIL", 6,"KIBANDA COUNTY"
"BWIJANGA", 2,"BUJENJE COUNTY"
"BWIKARA", 1,"BUYAGA WEST COUNTY"
"BWIKHONGE", 11,"BULAMBULI COUNTY"
"BWIZI", 1,"KIBALE COUNTY"
"BWONGERA", 1,"KAJARA COUNTY"
"BYAKABANDA", 1,"KOOKI COUNTY"
"CAWENTE", 2,"KWANIA COUNTY"
"CENTRAL DIVISION", 1,"BUSHENYI -ISHAKA MUNICIPALITY"
"CHAHI", 1,"BUFUMBIRA COUNTY SOUTH"
"CHEGERE", 4,"MARUZI COUNTY"
"CHELEKURA", 11,"AGULE COUNTY"
"CHEMA", 6,"TINGEY COUNTY"
"CHEPKWASTA", 6,"KONGASIS COUNTY"
"CHESOWER", 2,"KONGASIS COUNTY"
"CIFORO", 3,"EAST MOYO COUNTY"
"DABANI", 5,"SAMIA BUGWE COUNTY NORTH"
"DADAMU", 6,"AYIVU COUNTY"
"DDWANIRO", 2,"KIBOGA EAST COUNTY"
"DIVISION A", 1,"ENTEBBE MUNICIPALITY"
"DIVISION B", 2,"ENTEBBE MUNICIPALITY"
"DOKOLO", 3,"DOKOLO COUNTY"
"DOKOLO TOWN COUNCIL", 6,"DOKOLO COUNTY"
"DRAJINI/ARAJIM", 1,"ARINGA COUNTY"
"DRANYA", 7,"KOBOKO COUNTY"
"DUFILE", 1,"WEST MOYO COUNTY"
"DZAIPI", 4,"EAST MOYO COUNTY"
"EASTERN", 1,"SOROTI MUNICIPALITY"
"EASTERN DIVISION", 1,"FORT PORTAL MUNICIPALITY"
"ENDINZI", 1,"BUKANGA COUNTY"
"ENGAJU", 6,"BUHWEJU COUNTY"
"ENGARI", 6,"KAZO COUNTY"
"ERUSSI", 2,"PADYERE COUNTY"
"ETAM", 10,"KIOGA COUNTY"
"EWANGA", 10,"MADI-OKOLLO COUNTY"
"GADUMIRE", 2,"BULAMOGI COUNTY"
"GALIRAYA", 2,"BBALE COUNTY"
"GAMOGO", 8,"TINGEY COUNTY"
"GAYAZA", 2,"KIBOGA WEST COUNTY"
"GIMARA", 2,"OBONGI COUNTY"
"GOGONYO", 3,"AGULE COUNTY"
"GOMA DIVISION", 1,"MUKONO MUNICIPALITY"
"GOMBE", 1,"KYADONDO COUNTY NORTH"
"GOMBE TOWN COUNCIL", 6,"BUTAMBALA COUNTY"
"GREEK RIVER", 7,"KWEEN COUNTY"
"GWERI", 3,"SOROTI COUNTY"
"HAKIBALE", 3,"BURAHYA COUNTY"
"HAMURWA", 2,"RUBANDA COUNTY EAST"
"HAMURWA TOWN COUNCIL", 3,"RUBANDA COUNTY EAST"
"HAPUUYO", 1,"KYAKA COUNTY"
"HARUGALI", 1,"BUGHENDERA COUNTY"
"HIMA TOWN COUNCIL", 5,"BUSONGORA COUNTY NORTH"
"HIMUTU", 11,"BUNYOLE EAST COUNTY"
"IBAARE", 5,"IGARA COUNTY EAST"
"IBANDA TOWN COUNCIL", 1,"IBANDA COUNTY SOUTH"
"IBUJE", 5,"MARUZI COUNTY"
"IBULANKU", 2,"BUGWERI COUNTY"
"ICHEME", 2,"OYAM COUNTY NORTH"
"IGOMBE", 6,"BUGWERI COUNTY"
"IHANDIRO", 2,"BUKONJO COUNTY WEST"
"IHUNGA", 2,"KAJARA COUNTY"
"IKI-IKI", 2,"IKI-IKI COUNTY"
"IKUMBA", 2,"RUBANDA COUNTY WEST"
"IKUMBYA", 4,"LUUKA COUNTY"
"IMANYIRO", 2,"BUNYA COUNTY WEST"
"INDUSTRIAL BOROUGH", 1,"MBALE MUNICIPALITY"
"INOMO", 3,"KWANIA COUNTY"
"IRIIRI", 1,"BOKORA COUNTY"
"IRONGO", 5,"LUUKA COUNTY"
"ISANGO", 7,"BUKONJO COUNTY WEST"
"ISHAKA DIVISION", 2,"BUSHENYI -ISHAKA MUNICIPALITY"
"ISHONGORORO", 2,"IBANDA COUNTY NORTH"
"ISHONGORORO TOWN COUNCIL", 4,"IBANDA COUNTY NORTH"
"ISINGIRO TOWN COUNCIL", 4,"ISINGIRO COUNTY NORTH"
"ITIRIKWA", 8,"EAST MOYO COUNTY"
"ITOJO", 7,"RUHAAMA COUNTY"
"ITULA", 3,"OBONGI COUNTY"
"IVUKULA", 2,"BUSIKI COUNTY"
"IWEMBA", 3,"BUKOOLI COUNTY NORTH"
"IYOLWA", 1,"WEST BUDAMA COUNTY SOUTH"
"JAGUZI", 3,"BUNYA COUNTY SOUTH"
"JANGOKORO", 2,"OKORO COUNTY"
"JINJA CENTRAL", 1,"JINJA MUNICIPALITY EAST"
"KAABONG EAST", 1,"DODOTH EAST COUNTY"
"KAABONG TOWN COUNCIL", 2,"DODOTH EAST COUNTY"
"KAABONG WEST", 10,"DODOTH EAST COUNTY"
"KAASANGOMBE", 1,"NAKASEKE SOUTH COUNTY"
"KAATO", 4,"BUBULO COUNTY WEST"
"KABALE CENTRAL", 1,"KABALE MUNICIPALITY"
"KABALE NORTHERN", 2,"KABALE MUNICIPALITY"
"KABALE SOUTHERN", 3,"KABALE MUNICIPALITY"
"KABAMBA", 11,"BUYAGA EAST COUNTY"
"KABAMBIRO", 7,"KIBALE COUNTY"
"KABEI", 3,"KONGASIS COUNTY"
"KABERAMAIDO", 2,"KABERAMAIDO COUNTY"
"KABERAMAIDO TOWN COUNCIL", 5,"KABERAMAIDO COUNTY"
"KABEREBERE TOWN COUNCIL", 6,"ISINGIRO COUNTY NORTH"
"KABEYWA", 9,"TINGEY COUNTY"
"KABINGO", 2,"ISINGIRO COUNTY NORTH"
"KABIRA", 2,"RUHINDA COUNTY"
"KABONERA", 1,"BUKOTO COUNTY CENTRAL"
"KABONERO", 8,"BUNYANGABU COUNTY"
"KABULASOKE", 1,"GOMBA COUNTY"
"KABUYANDA", 1,"ISINGIRO COUNTY SOUTH"
"KABUYANDA TOWN COUNCIL", 5,"ISINGIRO COUNTY SOUTH"
"KABWANGASI", 2,"BUTEBO COUNTY"
"KABWERI", 8,"KIBUKU COUNTY"
"KABWOHE/ITENDERO TOWN COUNCIL", 4,"SHEEMA COUNTY NORTH"
"KABWOYA", 3,"BUHAGUZI COUNTY"
"KACHEERA", 3,"KOOKI COUNTY"
"KACHERI", 1,"JIE COUNTY"
"KACHOMO", 9,"BUDAKA COUNTY"
"KACHONGA", 5,"BUNYOLE EAST COUNTY"
"KACHUMBALA", 2,"BUKEDEA COUNTY"
"KADAMA", 3,"KIBUKU COUNTY"
"KADERUNA", 3,"BUDAKA COUNTY"
"KADUNGULU", 2,"KASILO COUNTY"
"KAGADI", 2,"BUYAGA EAST COUNTY"
"KAGADI TOWN COUNCIL", 9,"BUYAGA EAST COUNTY"
"KAGAMBA (BUYAMBA)", 4,"KOOKI COUNTY"
"KAGANGO", 1,"SHEEMA COUNTY NORTH"
"KAGONGI", 3,"KASHARI COUNTY"
"KAGULU", 3,"BUDIOPE EAST COUNTY"
"KAGUMU", 5,"KIBUKU COUNTY"
"KAHARO", 2,"NDORWA COUNTY EAST"
"KAHOORA DIVISION", 4,"HOIMA MUNICIPALITY"
"KAHUNGE", 2,"KIBALE COUNTY"
"KAKABARA", 2,"KYAKA COUNTY"
"KAKANJU", 2,"IGARA COUNTY WEST"
"KAKIIKA", 4,"KASHARI COUNTY"
"KAKINDO", 2,"BUGANGAIZI WEST COUNTY"
"KAKINDU", 2,"BUSUJJU COUNTY"
"KAKIRA TOWN COUNCIL", 2,"BUTEMBE COUNTY"
"KAKIRI", 1,"BUSIRO COUNTY NORTH"
"KAKIRI TOWN COUNCIL", 4,"BUSIRO COUNTY NORTH"
"KAKOBA", 1,"MBARARA MUNICIPALITY"
"KAKOMONGOLE", 1,"CHEKWII COUNTY (KADAM)"
"KAKOOGE", 1,"NAKASONGOLA COUNTY"
"KAKORO", 3,"BUTEBO COUNTY"
"KAKULE", 10,"BUDAKA COUNTY"
"KAKURE", 6,"KALAKI COUNTY"
"KAKUUTO", 1,"KAKUUTO COUNTY"
"KALAGALA", 2,"BAMUNANIKA COUNTY"
"KALAKI", 3,"KALAKI COUNTY"
"KALAMBA", 3,"BUTAMBALA COUNTY"
"KALANGAALO", 3,"MITYANA COUNTY NORTH"
"KALANGALA TOWN COUNCIL", 2,"BUJUMBA COUNTY"
"KALAPATA", 3,"DODOTH EAST COUNTY"
"KALIIRO", 1,"KABULA COUNTY"
"KALIRO TOWN COUNCIL", 6,"BULAMOGI COUNTY"
"KALISIZO", 2,"KYOTERA COUNTY"
"KALISIZO TOWN COUNCIL", 8,"KYOTERA COUNTY"
"KALONGO", 7,"NAKASONGOLA COUNTY"
"KALONGO TOWN COUNCIL", 10,"AGAGO COUNTY"
"KALUNGI", 2,"NAKASONGOLA COUNTY"
"KALUNGU", 1,"KALUNGU WEST COUNTY"
"KALUNGU TOWN COUNCIL", 3,"KALUNGU WEST COUNTY"
"KALWANA", 3,"KASSANDA COUNTY NORTH"
"KAMBUGA", 1,"KINKINZI COUNTY EAST"
"KAMDINI", 4,"OYAM COUNTY SOUTH"
"KAMEKE", 4,"AGULE COUNTY"
"KAMERUKA", 7,"IKI-IKI COUNTY"
"KAMET", 7,"KONGASIS COUNTY"
"KAMION", 11,"DODOTH EAST COUNTY"
"KAMIRA", 3,"BAMUNANIKA COUNTY"
"KAMMENGO", 1,"MAWOKOTA COUNTY NORTH"
"KAMONKOLI", 4,"IKI-IKI COUNTY"
"KAMPALA CENTRAL DIVISION", 1,"KAMPALA CENTRAL DIVISION"
"KAMUDA", 4,"SOROTI COUNTY"
"KAMUGANGUZI", 1,"NDORWA COUNTY WEST"
"KAMUGE", 9,"PALLISA COUNTY"
"KAMUKUZI", 2,"MBARARA MUNICIPALITY"
"KAMULI TOWN COUNCIL", 2,"BUGABULA COUNTY NORTH"
"KAMWENGE", 3,"KIBALE COUNTY"
"KAMWENGE TOWN COUNCIL", 5,"KIBALE COUNTY"
"KAMWEZI", 2,"RUKIGA COUNTY"
"KANABA", 2,"BUFUMBIRA COUNTY EAST"
"KANARA", 6,"KITAGWENDA COUNTY"
"KANGAI", 4,"DOKOLO COUNTY"
"KANGINIMA", 6,"BUTEBO COUNTY"
"KANGO", 3,"OKORO COUNTY"
"KANGULUMIRA", 1,"NTENJERU COUNTY SOUTH"
"KANONI", 3,"KAZO COUNTY"
"KANONI TOWN COUNCIL", 5,"GOMBA COUNTY"
"KANUNGU TOWN COUNCIL", 5,"KINKINZI COUNTY EAST"
"KANYABWANGA", 3,"RUHINDA COUNTY"
"KANYANTOROGO", 1,"KINKINZI COUNTY WEST"
"KANYARYERU", 1,"NYABUSHOZI COUNTY"
"KANYUM", 2,"KUMI COUNTY"
"KAPCHESOMBE", 10,"TINGEY COUNTY"
"KAPCHORWA TOWN COUNCIL", 1,"TINGEY COUNTY"
"KAPEDO", 4,"DODOTH WEST COUNTY"
"KAPEEKA", 2,"NAKASEKE SOUTH COUNTY"
"KAPEKE", 3,"KIBOGA EAST COUNTY"
"KAPELEBYONG", 2,"KAPELEBYONG COUNTY"
"KAPIR", 1,"NGORA COUNTY"
"KAPRORON", 3,"KWEEN COUNTY"
"KAPSINDA", 11,"TINGEY COUNTY"
"KAPTANYA", 2,"TINGEY COUNTY"
"KAPTERERWO", 8,"KONGASIS COUNTY"
"KAPTERET", 12,"TINGEY COUNTY"
"KAPTUM", 8,"KWEEN COUNTY"
"KAPUJAN", 1,"TOROMA COUNTY"
"KAPYANGA", 4,"BUKOOLI COUNTY NORTH"
"KARAMBI", 4,"BURAHYA COUNTY"
"KARANGURA", 9,"BURAHYA COUNTY"
"KARENGA(NAPORE)", 8,"DODOTH WEST COUNTY"
"KARITA", 2,"UPE COUNTY"
"KARUGUTU", 2,"NTOROKO COUNTY"
"KARUJUBU DIVISION", 1,"MASINDI MUNICIPALITY"
"KARUNGU", 3,"BUHWEJU COUNTY"
"KARUSANDARA", 1,"BUSONGORA COUNTY SOUTH"
"KASAALI", 3,"KYOTERA COUNTY"
"KASAANA", 4,"SHEEMA COUNTY SOUTH"
"KASAGAMA", 2,"KABULA COUNTY"
"KASAMBYA", 3,"BUGANGAIZI WEST COUNTY"
"KASANJE", 1,"BUSIRO COUNTY SOUTH"
"KASASA", 2,"KAKUUTO COUNTY"
"KASASIRA", 9,"KIBUKU COUNTY"
"KASAWO", 1,"NAKIFUMA COUNTY"
"KASENDA", 8,"BURAHYA COUNTY"
"KASEREM", 3,"TINGEY COUNTY"
"KASHAMBYA", 3,"RUKIGA COUNTY"
"KASHANGURA", 5,"IBANDA COUNTY NORTH"
"KASHARE", 5,"KASHARI COUNTY"
"KASHENSHERO", 4,"RUHINDA COUNTY"
"KASHENSHERO TOWN COUNCIL", 11,"RUHINDA COUNTY"
"KASHONGI", 2,"NYABUSHOZI COUNTY"
"KASHUMBA", 2,"BUKANGA COUNTY"
"KASITU", 2,"BUGHENDERA COUNTY"
"KASODO", 5,"PALLISA COUNTY"
"KASSANDA", 2,"KASSANDA COUNTY NORTH"
"KASULE", 3,"KYAKA COUNTY"
"KATABI", 2,"BUSIRO COUNTY SOUTH"
"KATAKWI", 2,"USUK COUNTY"
"KATAKWI TOWN COUNCIL", 3,"USUK COUNTY"
"KATANDA", 6,"KATERERA COUNTY"
"KATEEBWA", 5,"BUNYANGABU COUNTY"
"KATENGA", 8,"RUHINDA COUNTY"
"KATERERA", 1,"KATERERA COUNTY"
"KATERERA TOWN COUNCIL", 9,"KATERERA COUNTY"
"KATETA", 2,"SERERE COUNTY"
"KATHILE", 5,"DODOTH EAST COUNTY"
"KATIKAMU", 2,"KATIKAMU COUNTY NORTH"
"KATIKEKILE", 1,"MATHENIKO COUNTY"
"KATINE", 5,"SOROTI COUNTY"
"KATIRA", 11,"IKI-IKI COUNTY"
"KATOOKE", 3,"MWENGE COUNTY NORTH"
"KATOOKE TOWN COUNCIL", 6,"MWENGE COUNTY NORTH"
"KATRINI", 3,"TEREGO COUNTY"
"KATUNA TOWN COUNCIL", 5,"NDORWA COUNTY WEST"
"KATUNGURU", 2,"BUNYARUGURU COUNTY"
"KATWE/BUTEGO", 1,"MASAKA MUNICIPALITY"
"KAWALAKOL", 12,"DODOTH WEST COUNTY"
"KAWEMPE DIVISION", 1,"KAWEMPE DIVISION SOUTH"
"KAWOLO", 1,"BUIKWE COUNTY WEST"
"KAWOWO", 7,"TINGEY COUNTY"
"KAYONZA", 1,"RUSHENYI COUNTY"
"KAYUNGA", 2,"NTENJERU COUNTY NORTH"
"KAYUNGA TOWN COUNCIL", 3,"NTENJERU COUNTY NORTH"
"KAZO", 4,"KAZO COUNTY"
"KAZO TOWN COUNCIL", 8,"KAZO COUNTY"
"KEBISONI", 2,"RUBABO COUNTY"
"KEI", 2,"ARINGA COUNTY"
"KEIHANGARA", 6,"IBANDA COUNTY SOUTH"
"KENSHUNGA", 3,"NYABUSHOZI COUNTY"
"KERWA", 12,"ARINGA COUNTY"
"KHABUTOOLA", 11,"BUBULO COUNTY WEST"
"KIBAALE", 3,"BUSIKI COUNTY"
"KIBAALE TOWN COUNCIL", 2,"BUYANJA COUNTY"
"KIBALE", 4,"BUTEBO COUNTY"
"KIBALINGA", 2,"KASAMBYA COUNTY"
"KIBANDA", 3,"KAKUUTO COUNTY"
"KIBATSI", 3,"KAJARA COUNTY"
"KIBIBI", 4,"BUTAMBALA COUNTY"
"KIBIGA", 4,"KIBOGA EAST COUNTY"
"KIBIITO", 2,"BUNYANGABU COUNTY"
"KIBIITO TOWN COUNCIL", 6,"BUNYANGABU COUNTY"
"KIBINGE", 3,"BUKOMANSIMBI COUNTY"
"KIBINGO TOWN COUNCIL", 6,"SHEEMA COUNTY NORTH"
"KIBOGA TOWN COUNCIL", 5,"KIBOGA EAST COUNTY"
"KIBUKU", 4,"KIBUKU COUNTY"
"KIBUKU TOWN COUNCIL", 10,"KIBUKU COUNTY"
"KIBUUKU TOWN COUNCIL", 6,"NTOROKO COUNTY"
"KICHECHE", 1,"KITAGWENDA COUNTY"
"KICHWAMBA", 3,"BUNYARUGURU COUNTY"
"KICUZI", 2,"IBANDA COUNTY SOUTH"
"KICWAMBA", 5,"BURAHYA COUNTY"
"KIDERA", 4,"BUDIOPE WEST COUNTY"
"KIDONGOLE", 3,"BUKEDEA COUNTY"
"KIFAMBA", 4,"KAKUUTO COUNTY"
"KIGANDA", 1,"KASSANDA COUNTY SOUTH"
"KIGANDALO", 2,"BUNYA COUNTY EAST"
"KIGANDO", 8,"KASAMBYA COUNTY"
"KIGARAALE", 6,"MWENGE COUNTY SOUTH"
"KIGARAMA", 2,"SHEEMA COUNTY NORTH"
"KIGOROBYA", 5,"BUGAHYA COUNTY"
"KIGOROBYA TOWN COUNCIL", 6,"BUGAHYA COUNTY"
"KIGULYA DIVISION", 4,"MASINDI MUNICIPALITY"
"KIGUMBA", 1,"KIBANDA COUNTY"
"KIGUMBA TOWN COUNCIL", 5,"KIBANDA COUNTY"
"KIGWERA", 5,"BULIISA COUNTY"
"KIHIIHI", 3,"KINKINZI COUNTY WEST"
"KIHIIHI TOWN COUNCIL", 6,"KINKINZI COUNTY WEST"
"KIHUNGYA", 6,"BULIISA COUNTY"
"KIHUURA", 2,"MWENGE COUNTY SOUTH"
"KIJOMORO", 1,"MARACHA COUNTY"
"KIJONGO", 6,"IBANDA COUNTY NORTH"
"KIJURA TOWN COUNCIL", 10,"BURAHYA COUNTY"
"KIKAGATE", 2,"ISINGIRO COUNTY SOUTH"
"KIKAMULO", 3,"NAKASEKE NORTH COUNTY"
"KIKANDWA", 2,"MITYANA COUNTY NORTH"
"KIKATSI", 4,"NYABUSHOZI COUNTY"
"KIKYENKYE", 3,"IBANDA COUNTY SOUTH"
"KIKYUSA", 4,"BAMUNANIKA COUNTY"
"KILEMBE", 3,"BUSONGORA COUNTY SOUTH"
"KIMAANYA/KYABAKUZA", 2,"MASAKA MUNICIPALITY"
"KIMAKA /MPUMUDDE", 2,"JINJA MUNICIPALITY WEST"
"KIMENGO", 2,"BURULI COUNTY"
"KIMENYEDDE", 2,"NAKIFUMA COUNTY"
"KINGO", 1,"BUKOTO COUNTYSOUTH"
"KINONI", 5,"NYABUSHOZI COUNTY"
"KINUUKA", 3,"KABULA COUNTY"
"KINYOGOGA", 8,"NAKASEKE NORTH COUNTY"
"KIRA TOWN COUNCIL", 1,"KYADONDO COUNTY EAST"
"KIREWA", 1,"WEST BUDAMA COUNTY NORTH"
"KIRIKA", 6,"KIBUKU COUNTY"
"KIRIMA", 2,"KINKINZI COUNTY EAST"
"KIRINGENTE", 2,"MAWOKOTA COUNTY NORTH"
"KIRUGU", 10,"KATERERA COUNTY"
"KIRUHURA TOWN COUNCIL", 8,"NYABUSHOZI COUNTY"
"KIRUMBA", 4,"KYOTERA COUNTY"
"KIRUMYA", 6,"BWAMBA COUNTY"
"KIRUNDO", 2,"BUFUMBIRA COUNTY NORTH"
"KIRYANDONGO", 2,"KIBANDA COUNTY"
"KIRYANDONGO TOWN COUNCIL", 7,"KIBANDA COUNTY"
"KIRYANGA", 3,"BUYAGA EAST COUNTY"
"KISEKKA", 2,"BUKOTO COUNTYSOUTH"
"KISIITA", 4,"BUGANGAIZI EAST COUNTY"
"KISINGA", 1,"BUKONZO COUNTY EAST"
"KISOJO", 7,"MWENGE COUNTY SOUTH"
"KISOKO", 2,"WEST BUDAMA COUNTY NORTH"
"KISOMORO", 3,"BUNYANGABU COUNTY"
"KISORO TOWN COUNCIL", 2,"BUFUMBIRA COUNTY SOUTH"
"KISOZI", 2,"BUZAAYA COUNTY"
"KISUBBA", 7,"BWAMBA COUNTY"
"KITABONA", 6,"KIBOGA WEST COUNTY"
"KITAGATA", 2,"SHEEMA COUNTY SOUTH"
"KITANDA", 4,"BUKOMANSIMBI COUNTY"
"KITAWOI", 9,"KWEEN COUNTY"
"KITAYUNJWA", 3,"BUGABULA COUNTY SOUTH"
"KITENGA", 4,"BUWEKULA COUNTY"
"KITGUM MATIDI", 1,"CHUA COUNTY"
"KITGUM TOWN COUNCIL", 2,"CHUA COUNTY"
"KITHOLU", 4,"BUKONJO COUNTY WEST"
"KITIMBWA", 4,"BBALE COUNTY"
"KITOBA", 7,"BUGAHYA COUNTY"
"KITSWAMBA", 2,"BUSONGORA COUNTY NORTH"
"KITTO", 15,"NAKASEKE NORTH COUNTY"
"KITUMBA", 2,"NDORWA COUNTY WEST"
"KITUMBI", 4,"KASSANDA COUNTY NORTH"
"KITUNTU", 2,"MAWOKOTA COUNTY SOUTH"
"KITURA", 9,"NYABUSHOZI COUNTY"
"KITYERERA", 1,"BUNYA COUNTY SOUTH"
"KIWOKO TOWN COUNCIL", 12,"NAKASEKE NORTH COUNTY"
"KIYANGA", 5,"RUHINDA COUNTY"
"KIYUNI", 5,"BUWEKULA COUNTY"
"KIZIBA", 9,"KOOKI COUNTY"
"KIZIBA(MASULIITA)", 2,"BUSIRO COUNTY NORTH"
"KIZIRANFUMBI", 4,"BUHAGUZI COUNTY"
"KOBOKO TOWN COUNCIL", 1,"KOBOKO COUNTY"
"KOBULUBULU", 3,"KABERAMAIDO COUNTY"
"KOBWIN", 2,"NGORA COUNTY"
"KOCH-GOMA", 3,"NWOYA COUNTY"
"KOCHI", 13,"ARINGA COUNTY"
"KOLE TOWN COUNCIL", 6,"KOLE COUNTY"
"KOLIR", 4,"BUKEDEA COUNTY"
"KOOME ISLANDS", 1,"MUKONO COUNTY SOUTH"
"KORO", 2,"OMORO COUNTY"
"KORTEK", 9,"KONGASIS COUNTY"
"KOTIDO", 2,"JIE COUNTY"
"KOTIDO TOWN COUNCIL", 3,"JIE COUNTY"
"KOTOMOR", 12,"AGAGO COUNTY"
"KUCWINY", 3,"PADYERE COUNTY"
"KUJU", 3,"AMURIA COUNTY"
"KULUBA", 5,"KOBOKO COUNTY"
"KULULU", 9,"ARINGA COUNTY"
"KUMI", 3,"KUMI COUNTY"
"KUMI TOWN COUNCIL", 4,"KUMI COUNTY"
"KURU", 3,"ARINGA COUNTY"
"KWANYIY", 5,"KWEEN COUNTY"
"KWAPA", 1,"TORORO COUNTY"
"KWERA", 5,"DOKOLO COUNTY"
"KWOSIR", 6,"KWEEN COUNTY"
"KYABAKARA", 7,"KATERERA COUNTY"
"KYABARUNGIRA", 3,"BUSONGORA COUNTY NORTH"
"KYABIGAMBIRE", 8,"BUGAHYA COUNTY"
"KYABUGIMBI", 2,"IGARA COUNTY EAST"
"KYAKABADIIMA", 2,"BUYAGA WEST COUNTY"
"KYALULANGIRA", 5,"KOOKI COUNTY"
"KYAMBOGO/BUSUKUMA", 2,"KYADONDO COUNTY NORTH"
"KYAMPISI", 2,"MUKONO COUNTY NORTH"
"KYAMUHUNGA", 3,"IGARA COUNTY WEST"
"KYAMULIBWA", 2,"KALUNGU WEST COUNTY"
"KYAMUSWA", 3,"KYAMUSWA COUNTY"
"KYANAISOKE", 4,"BUYAGA EAST COUNTY"
"KYANAMIRA", 3,"NDORWA COUNTY EAST"
"KYANAMUKAKA", 2,"BUKOTO COUNTY CENTRAL"
"KYANGWALI", 5,"BUHAGUZI COUNTY"
"KYANGYENYI", 3,"SHEEMA COUNTY NORTH"
"KYANKWANZI", 3,"KIBOGA WEST COUNTY"
"KYARUMBA", 2,"BUKONZO COUNTY EAST"
"KYARUSOZI", 4,"MWENGE COUNTY NORTH"
"KYARUSOZI TOWN COUNCIL", 7,"MWENGE COUNTY NORTH"
"KYATEREKERA", 12,"BUYAGA WEST COUNTY"
"KYAZANGA", 1,"BUKOTO COUNTY WEST"
"KYAZANGA TOWN COUNCIL", 3,"BUKOTO COUNTY WEST"
"KYEBANDO", 3,"BUYANJA COUNTY"
"KYEBE", 5,"KAKUUTO COUNTY"
"KYEGEGWA", 4,"KYAKA COUNTY"
"KYEGEGWA TOWN COUNCIL", 8,"KYAKA COUNTY"
"KYEGONZA", 2,"GOMBA COUNTY"
"KYEIZOBA", 3,"IGARA COUNTY EAST"
"KYENJOJO TOWN COUNCIL", 4,"MWENGE COUNTY SOUTH"
"KYENZIGE", 13,"BUYAGA EAST COUNTY"
"KYERE", 3,"SERERE COUNTY"
"KYESIIGA", 3,"BUKOTO COUNTY CENTRAL"
"KYONDO", 3,"BUKONZO COUNTY EAST"
"KYOTERA TOWN COUNCIL", 5,"KYOTERA COUNTY"
"LABONGO-AMIDA", 4,"CHUA COUNTY"
"LABONGO-LAYAMO", 3,"CHUA COUNTY"
"LABOR", 4,"KASILO COUNTY"
"LAGORO", 8,"CHUA COUNTY"
"LAGUTI", 6,"ARUU COUNTY"
"LAKE KABATORO TOWN COUNCIL", 4,"BUSONGORA COUNTY SOUTH"
"LAKE KATWE", 5,"BUSONGORA COUNTY SOUTH"
"LAKWANA", 3,"OMORO COUNTY"
"LALOGI", 4,"OMORO COUNTY"
"LAMIYO", 13,"AGAGO COUNTY"
"LAMOGI", 3,"KILAK COUNTY"
"LAPONO", 2,"AGAGO COUNTY"
"LAPUL", 9,"ARUU COUNTY"
"LAROO", 2,"GULU MUNICIPALITY"
"LAROPI", 6,"WEST MOYO COUNTY"
"LATANYA", 11,"ARUU COUNTY"
"LAYIBI", 3,"GULU MUNICIPALITY"
"LEFORI", 2,"WEST MOYO COUNTY"
"LIRA", 2,"ERUTE COUNTY NORTH"
"LIRA CENTRAL", 2,"LIRA MUNICIPALITY"
"LIRA-PALWO", 3,"AGAGO COUNTY"
"LOBALANGIT", 13,"DODOTH WEST COUNTY"
"LOBULE", 2,"KOBOKO COUNTY"
"LODIKO", 14,"DODOTH EAST COUNTY"
"LODONGA", 10,"ARINGA COUNTY"
"LOGIRI", 3,"VURRA COUNTY"
"LOKOLE", 4,"AGAGO COUNTY"
"LOKOLE TOWN COUNCIL", 16,"AGAGO COUNTY"
"LOKOPO", 2,"BOKORA COUNTY"
"LOKUNG", 2,"LAMWO COUNTY"
"LOLACHAT", 1,"PIAN COUNTY"
"LOLELIA", 6,"DODOTH EAST COUNTY"
"LOPEI", 3,"BOKORA COUNTY"
"LOREGAE", 5,"CHEKWII COUNTY (KADAM)"
"LORENGECORA", 7,"BOKORA COUNTY"
"LORENGEDWAT", 2,"PIAN COUNTY"
"LORO", 2,"OYAM COUNTY SOUTH"
"LOROO", 3,"UPE COUNTY"
"LOTOME", 4,"BOKORA COUNTY"
"LOTUKEI", 3,"LABWOR COUNTY"
"LOYORO", 7,"DODOTH EAST COUNTY"
"LUDARA", 3,"KOBOKO COUNTY"
"LUGAZI TOWN COUNCIL", 2,"BUIKWE COUNTY WEST"
"LUGUSULU", 1,"MAWOGOLA COUNTY"
"LUKAYA TOWN COUNCIL", 3,"KALUNGU EAST COUNTY"
"LUKHONGE", 9,"BUNGOKHO COUNTY SOUTH"
"LUMINO", 2,"SAMIA BUGWE COUNTY SOUTH"
"LUNYO", 3,"SAMIA BUGWE COUNTY SOUTH"
"LUSHA", 12,"BULAMBULI COUNTY"
"LUWEERO TOWN COUNCIL", 4,"KATIKAMU COUNTY NORTH"
"LUWERO", 3,"KATIKAMU COUNTY NORTH"
"LWABENGE", 2,"KALUNGU EAST COUNTY"
"LWAKHAKHA TOWN COUNCIL", 9,"BUBULO COUNTY EAST"
"LWAMAGGWA", 6,"KOOKI COUNTY"
"LWAMATA", 6,"KIBOGA EAST COUNTY"
"LWAMPANGA", 3,"BUDYEBO COUNTY"
"LWANDA", 7,"KOOKI COUNTY"
"LWANKONI", 6,"KYOTERA COUNTY"
"LWASSO", 8,"BUNGOKHO COUNTY NORTH"
"LWEBITAKULI", 2,"MAWOGOLA COUNTY"
"LWEMIYAGA", 1,"LWEMIYAGA COUNTY"
"LWENGO", 1,"BUKOTO COUNTY MID-WEST"
"LWENGO TOWN COUNCIL", 3,"BUKOTO COUNTY MID-WEST"
"LYAMA", 5,"BUDAKA COUNTY"
"LYANTONDE", 4,"KABULA COUNTY"
"LYANTONDE TOWN COUNCIL", 5,"KABULA COUNTY"
"MAANYI", 3,"BUSUJJU COUNTY"
"MABAALE", 5,"BUYAGA EAST COUNTY"
"MADDU", 3,"GOMBA COUNTY"
"MADI-OPEI", 3,"LAMWO COUNTY"
"MADUDU", 6,"BUWEKULA COUNTY"
"MAFUBIRA", 3,"BUTEMBE COUNTY"
"MAGADA", 4,"BUSIKI COUNTY"
"MAGALE", 6,"BUBULO COUNTY EAST"
"MAGAMBO", 5,"BUNYARUGURU COUNTY"
"MAGOLA", 5,"WEST BUDAMA COUNTY SOUTH"
"MAGORO", 4,"TOROMA COUNTY"
"MAHANGO", 4,"BUKONZO COUNTY EAST"
"MAHYORO", 2,"KITAGWENDA COUNTY"
"MAJANJI", 8,"SAMIA BUGWE COUNTY SOUTH"
"MAKERERE UNIVERSITY", 2,"KAWEMPE DIVISION SOUTH"
"MAKINDYE", 1,"KYADONDO COUNTY SOUTH"
"MAKINDYE DIVISION", 1,"MAKINDYE DIVISION WEST"
"MAKOKOTO", 5,"KASSANDA COUNTY NORTH"
"MAKULUBITA", 3,"KATIKAMU COUNTY SOUTH"
"MAKUUTU", 3,"BUGWERI COUNTY"
"MALABA TOWN COUNCIL", 7,"TORORO COUNTY"
"MALANGALA", 4,"BUSUJJU COUNTY"
"MALERA", 5,"BUKEDEA COUNTY"
"MALIBA", 4,"BUSONGORA COUNTY NORTH"
"MALONGO", 2,"BUKOTO COUNTY WEST"
"MANAFWA TOWN COUNCIL", 6,"BUBULO COUNTY WEST"
"MANIBE", 5,"AYIVU COUNTY"
"MANYOGASEKA", 3,"KASSANDA COUNTY SOUTH"
"MARACHA TOWN COUNCIL", 8,"MARACHA COUNTY"
"MASABA", 4,"SAMIA BUGWE COUNTY SOUTH"
"MASAFU", 5,"SAMIA BUGWE COUNTY SOUTH"
"MASHA", 3,"ISINGIRO COUNTY NORTH"
"MASHERUKA", 5,"SHEEMA COUNTY NORTH"
"MASINDI PORT", 3,"KIBANDA COUNTY"
"MASINYA", 7,"SAMIA BUGWE COUNTY SOUTH"
"MASIRA", 7,"BULAMBULI COUNTY"
"MATALE", 4,"BUYANJA COUNTY"
"MATANY", 5,"BOKORA COUNTY"
"MATEETE", 3,"MAWOGOLA COUNTY"
"MATEETE TOWN COUNCIL", 6,"MAWOGOLA COUNTY"
"MAYANGA", 9,"RUHINDA COUNTY"
"MAYUGE TOWN COUNCIL", 3,"BUNYA COUNTY WEST"
"MAZIBA", 4,"NDORWA COUNTY EAST"
"MAZIMASA", 6,"BUNYOLE EAST COUNTY"
"MAZINGA", 4,"KYAMUSWA COUNTY"
"MBAARE", 5,"BUKANGA COUNTY"
"MBULAMUTI", 3,"BUZAAYA COUNTY"
"MELLA", 5,"TORORO COUNTY"
"MENDE", 4,"BUSIRO COUNTY EAST"
"MERIKIT", 6,"TORORO COUNTY"
"METU", 3,"WEST MOYO COUNTY"
"MIDIA", 4,"KOBOKO COUNTY"
"MIDIGO", 6,"ARINGA COUNTY"
"MIIRYA", 4,"BURULI COUNTY"
"MIJWALA", 4,"MAWOGOLA COUNTY"
"MINAKULU", 3,"OYAM COUNTY SOUTH"
"MIRAMBI", 8,"BWAMBA COUNTY"
"MITOOMA", 6,"RUHINDA COUNTY"
"MITOOMA TOWN COUNCIL", 12,"RUHINDA COUNTY"
"MITYANA TOWN COUNCIL", 2,"MITYANA COUNTY SOUTH"
"MOLO", 2,"TORORO COUNTY"
"MORUITA", 2,"CHEKWII COUNTY (KADAM)"
"MORULEM", 4,"LABWOR COUNTY"
"MORUNGATUNY", 6,"AMURIA COUNTY"
"MOYO", 4,"WEST MOYO COUNTY"
"MOYO TOWN COUNCIL", 5,"WEST MOYO COUNTY"
"MOYOK", 10,"KWEEN COUNTY"
"MPARA", 5,"KYAKA COUNTY"
"MPARO DIVISION", 2,"HOIMA MUNICIPALITY"
"MPASAANA", 8,"BUGANGAIZI EAST COUNTY"
"MPATTA", 5,"MUKONO COUNTY SOUTH"
"MPEEFU", 6,"BUYAGA WEST COUNTY"
"MPENJA", 4,"GOMBA COUNTY"
"MPIGI TOWN COUNCIL", 4,"MAWOKOTA COUNTY NORTH"
"MPONDWE/LHUBIRIHA TOWN COUNCIL", 6,"BUKONJO COUNTY WEST"
"MPUMUDDE", 6,"KABULA COUNTY"
"MPUNGE", 4,"MUKONO COUNTY SOUTH"
"MPUNGU", 5,"KINKINZI COUNTY WEST"
"MPUNGWE", 4,"BUNYA COUNTY EAST"
"MUBENDE TOWN COUNCIL", 7,"BUWEKULA COUNTY"
"MUCHWINI", 5,"CHUA COUNTY"
"MUDUMA", 5,"MAWOKOTA COUNTY NORTH"
"MUGARAMA", 5,"BUYANJA COUNTY"
"MUGITI", 12,"IKI-IKI COUNTY"
"MUGOYE", 3,"BUJUMBA COUNTY"
"MUGUSU", 6,"BURAHYA COUNTY"
"MUHANGA TOWN COUNCIL", 5,"RUKIGA COUNTY"
"MUHOKYA", 6,"BUSONGORA COUNTY SOUTH"
"MUHORRO", 7,"BUYAGA WEST COUNTY"
"MUKO", 3,"RUBANDA COUNTY WEST"
"MUKONGORO", 5,"KUMI COUNTY"
"MUKONO DIVISION", 3,"MUKONO MUNICIPALITY"
"MUKOTO", 11,"BUBULO COUNTY EAST"
"MUKUJU", 3,"TORORO COUNTY"
"MUKUNGWE", 3,"BUKOTO COUNTY EAST"
"MUKURA", 3,"NGORA COUNTY"
"MULAGI", 4,"KIBOGA WEST COUNTY"
"MULANDA", 2,"WEST BUDAMA COUNTY SOUTH"
"MUNARYA", 13,"TINGEY COUNTY"
"MUNKUNYU", 5,"BUKONZO COUNTY EAST"
"MUNTU", 2,"KIOGA COUNTY"
"MURAMBA", 3,"BUFUMBIRA COUNTY SOUTH"
"MURORA", 3,"BUFUMBIRA COUNTY EAST"
"MUTARA", 7,"RUHINDA COUNTY"
"MUTERERE", 3,"BUKOOLI COUNTY CENTRAL"
"MUTUMBA", 5,"BUKOOLI SOUTH COUNTY"
"MUTUNDA", 4,"KIBANDA COUNTY"
"MUWANGA", 7,"KIBOGA EAST COUNTY"
"MUYEMBE", 8,"BULAMBULI COUNTY"
"MUYEMBE TOWN COUNCIL", 17,"BULAMBULI COUNTY"
"MWIZI", 3,"RWAMPARA COUNTY"
"MYANZI", 2,"KASSANDA COUNTY SOUTH"
"MYENE", 5,"OYAM COUNTY SOUTH"
"NABBALE", 3,"NAKIFUMA COUNTY"
"NABBONGO", 13,"BULAMBULI COUNTY"
"NABIGASA", 7,"KYOTERA COUNTY"
"NABILATUK", 3,"PIAN COUNTY"
"NABINGOOLA", 9,"KASAMBYA COUNTY"
"NABISWERA", 4,"BUDYEBO COUNTY"
"NABITENDE", 1,"KIGULU COUNTY NORTH"
"NABOA", 6,"BUDAKA COUNTY"
"NABUKALU", 5,"BUKOOLI COUNTY NORTH"
"NABUYOGA", 3,"WEST BUDAMA COUNTY SOUTH"
"NABWERU", 3,"KYADONDO COUNTY NORTH"
"NABWEYA", 14,"MANJIYA COUNTY"
"NABWIGULU", 3,"BUGABULA COUNTY NORTH"
"NADUNGET", 2,"MATHENIKO COUNTY"
"NAGOJJE", 4,"NAKIFUMA COUNTY"
"NAGONGERA", 3,"WEST BUDAMA COUNTY NORTH"
"NAGONGERA TOWN COUNCIL", 6,"WEST BUDAMA COUNTY NORTH"
"NAIRAMBI", 4,"BUVUMA ISLANDS COUNTY"
"NAJJA", 2,"BUIKWE COUNTY SOUTH"
"NAJJEMBE", 3,"BUIKWE COUNTY WEST"
"NAKALAMA", 3,"KIGULU COUNTY SOUTH"
"NAKALOKE", 3,"BUNGOKHO COUNTY NORTH"
"NAKAPELIMORU", 4,"JIE COUNTY"
"NAKAPIRIPIRIT TOWN COUNCIL", 3,"CHEKWII COUNTY (KADAM)"
"NAKASEKE", 4,"NAKASEKE SOUTH COUNTY"
"NAKASEKE BUTALANGU TOWN COUNCIL", 9,"NAKASEKE NORTH COUNTY"
"NAKASEKE TOWN COUNCIL", 10,"NAKASEKE SOUTH COUNTY"
"NAKASONGOLA TOWN COUNCIL", 6,"NAKASONGOLA COUNTY"
"NAKATSI", 15,"MANJIYA COUNTY"
"NAKAWA DIVISION", 1,"NAKAWA DIVISION"
"NAKIGO", 4,"KIGULU COUNTY SOUTH"
"NAKISUNGA", 2,"MUKONO COUNTY SOUTH"
"NAKITOMA", 9,"BUDYEBO COUNTY"
"NALONDO", 13,"BUBULO COUNTY WEST"
"NALUSALA", 9,"BUDADIRI COUNTY WEST"
"NALUTUNTU", 4,"KASSANDA COUNTY SOUTH"
"NALWANZA", 16,"MANJIYA COUNTY"
"NAM-OKORA", 6,"CHUA COUNTY"
"NAMA", 4,"MUKONO COUNTY NORTH"
"NAMABYA", 7,"BUBULO COUNTY EAST"
"NAMALEMBA", 4,"BUGWERI COUNTY"
"NAMALU", 4,"CHEKWII COUNTY (KADAM)"
"NAMANYONYI", 4,"BUNGOKHO COUNTY NORTH"
"NAMASAGALI", 4,"BUGABULA COUNTY NORTH"
"NAMASALE", 1,"KIOGA COUNTY"
"NAMAYINGO TOWN COUNCIL", 7,"BUKOOLI SOUTH COUNTY"
"NAMAYUMBA", 3,"BUSIRO COUNTY NORTH"
"NAMBALE", 2,"KIGULU COUNTY NORTH"
"NAMBIESO", 4,"KWANIA COUNTY"
"NAMBOKO", 12,"BUBULO COUNTY EAST"
"NAMISUNI", 14,"BULAMBULI COUNTY"
"NAMUGANGA", 5,"NAKIFUMA COUNTY"
"NAMUGONGO", 3,"BULAMOGI COUNTY"
"NAMUNGALWE", 3,"KIGULU COUNTY NORTH"
"NAMUNGO", 4,"MITYANA COUNTY SOUTH"
"NAMUTUMBA", 5,"BUSIKI COUNTY"
"NAMUTUMBA TOWN COUNCIL", 7,"BUSIKI COUNTY"
"NAMWENDWA", 4,"BUGABULA COUNTY SOUTH"
"NAMWIWA", 4,"BULAMOGI COUNTY"
"NANGABO", 2,"KYADONDO COUNTY EAST"
"NANKOMA", 4,"BUKOOLI COUNTY CENTRAL"
"NANSANA TOWN COUNCIL", 4,"KYADONDO COUNTY NORTH"
"NANSANGA", 13,"BUDAKA COUNTY"
"NAPAK TOWN COUNCIL", 8,"BOKORA COUNTY"
"NARWEYO", 5,"BUGANGAIZI WEST COUNTY"
"NAWAIKOKE", 5,"BULAMOGI COUNTY"
"NAWAMPITI", 6,"LUUKA COUNTY"
"NAWANDALA", 4,"KIGULU COUNTY NORTH"
"NAWANJOFU", 7,"BUNYOLE WEST COUNTY"
"NAWANYAGO", 4,"BUZAAYA COUNTY"
"NAWANYINGI", 5,"KIGULU COUNTY SOUTH"
"NAWEYO", 12,"BUNYOLE EAST COUNTY"
"NAZIGO", 2,"NTENJERU COUNTY SOUTH"
"NDAGWE", 2,"BUKOTO COUNTY MID-WEST"
"NDAIGA", 14,"BUYAGA WEST COUNTY"
"NDEIJA", 4,"RWAMPARA COUNTY"
"NDHEW", 9,"PADYERE COUNTY"
"NDUGUTU", 3,"BUGHENDERA COUNTY"
"NEBBI", 4,"PADYERE COUNTY"
"NEBBI TOWN COUNCIL", 5,"PADYERE COUNTY"
"NGAI", 3,"OYAM COUNTY NORTH"
"NGAMBA", 7,"BUGHENDERA COUNTY"
"NGANDO", 5,"BUTAMBALA COUNTY"
"NGARAMA", 3,"BUKANGA COUNTY"
"NGARIAM", 5,"USUK COUNTY"
"NGENGE", 4,"KWEEN COUNTY"
"NGETTA", 5,"ERUTE COUNTY SOUTH"
"NGOGWE", 3,"BUIKWE COUNTY SOUTH"
"NGOLERIET", 6,"BOKORA COUNTY"
"NGOMA", 2,"RUSHENYI COUNTY"
"NGOMA TOWN COUNCIL", 13,"NAKASEKE NORTH COUNTY"
"NGORA", 4,"NGORA COUNTY"
"NGORA TOWN COUNCIL", 5,"NGORA COUNTY"
"NGWEDO", 7,"BULIISA COUNTY"
"NJERU TOWN COUNCIL", 1,"BUIKWE COUNTY NORTH"
"NKOKONJERU TOWN COUNCIL", 4,"BUIKWE COUNTY SOUTH"
"NKOMA", 4,"KIBALE COUNTY"
"NKONDO", 5,"BUDIOPE WEST COUNTY"
"NKOOKO", 6,"BUGANGAIZI EAST COUNTY"
"NKOZI", 3,"MAWOKOTA COUNTY SOUTH"
"NKUNGU", 7,"KAZO COUNTY"
"NOMBE", 7,"NTOROKO COUNTY"
"NORTH DIVISION", 1,"MOROTO MUNICIPALITY"
"NORTHERN", 2,"SOROTI MUNICIPALITY"
"NORTHERN BOROUGH", 2,"MBALE MUNICIPALITY"
"NORTHERN DIVISION", 2,"IGANGA MUNICIPALITY"
"NSAMBYA", 5,"KIBOGA WEST COUNTY"
"NSANGI(MUKONO)", 1,"BUSIRO COUNTY EAST"
"NSASI", 7,"IBANDA COUNTY SOUTH"
"NSIIKA TOWN COUNCIL", 8,"BUHWEJU COUNTY"
"NSINZE", 6,"BUSIKI COUNTY"
"NTARA", 3,"KITAGWENDA COUNTY"
"NTENJERU", 3,"MUKONO COUNTY SOUTH"
"NTOTORO", 5,"BUGHENDERA COUNTY"
"NTUNDA", 6,"NAKIFUMA COUNTY"
"NTUNGAMO", 1,"RUHAAMA COUNTY"
"NTUUSI", 2,"LWEMIYAGA COUNTY"
"NTWETWE TOWN COUNCIL", 8,"KIBOGA WEST COUNTY"
"NYABBANI", 4,"KITAGWENDA COUNTY"
"NYABIHOKO", 4,"KAJARA COUNTY"
"NYABUBARE", 4,"IGARA COUNTY WEST"
"NYABUHARWA", 8,"MWENGE COUNTY SOUTH"
"NYABUHIKYE", 4,"IBANDA COUNTY SOUTH"
"NYABWISHENYA", 3,"BUFUMBIRA COUNTY NORTH"
"NYADRI", 2,"MARACHA COUNTY"
"NYAHUKA TOWN COUNCIL", 5,"BWAMBA COUNTY"
"NYAKABANDE", 4,"BUFUMBIRA COUNTY EAST"
"NYAKABIRIZI DIVISION", 3,"BUSHENYI -ISHAKA MUNICIPALITY"
"NYAKAGYEME", 5,"RUJUMBURA COUNTY"
"NYAKASHASHARA", 6,"NYABUSHOZI COUNTY"
"NYAKAYOJO", 5,"RWAMPARA COUNTY"
"NYAKINAMA", 4,"BUFUMBIRA COUNTY SOUTH"
"NYAKISHANA", 7,"BUHWEJU COUNTY"
"NYAKISHENYI", 3,"RUBABO COUNTY"
"NYAKITUNDA", 3,"ISINGIRO COUNTY SOUTH"
"NYAKIYUMBU", 5,"BUKONJO COUNTY WEST"
"NYAKWAE", 5,"LABWOR COUNTY"
"NYAKYERA", 3,"RUHAAMA COUNTY"
"NYAMAREBE", 3,"IBANDA COUNTY NORTH"
"NYAMARUNDA", 8,"BUYANJA COUNTY"
"NYAMARWA", 7,"BUYANJA COUNTY"
"NYAMIRAMA", 4,"KINKINZI COUNTY WEST"
"NYAMITANGA", 3,"MBARARA MUNICIPALITY"
"NYAMUYANJA", 5,"ISINGIRO COUNTY NORTH"
"NYAMWAMBA DIVISION", 3,"KASESE MUNICIPALITY"
"NYAMWEERU", 4,"RUBANDA COUNTY EAST"
"NYANGAHYA DIVISION", 2,"MASINDI MUNICIPALITY"
"NYANKWANZI", 5,"MWENGE COUNTY NORTH"
"NYANTUNGO", 3,"MWENGE COUNTY SOUTH"
"NYAPEA", 4,"OKORO COUNTY"
"NYARAVUR", 6,"PADYERE COUNTY"
"NYARUBUYE", 4,"BUFUMBIRA COUNTY NORTH"
"NYARUSHANJE", 4,"RUBABO COUNTY"
"NYARUSIZA", 5,"BUFUMBIRA COUNTY SOUTH"
"NYENDO/SENYANGE", 3,"MASAKA MUNICIPALITY"
"NYENGA", 2,"BUIKWE COUNTY NORTH"
"NYERO", 6,"KUMI COUNTY"
"NYIMBWA", 4,"KATIKAMU COUNTY SOUTH"
"NYONDO", 10,"BUNGOKHO COUNTY SOUTH"
"NYUNDO", 5,"BUFUMBIRA COUNTY EAST"
"OBALANGA", 3,"KAPELEBYONG COUNTY"
"OCHERO", 4,"KABERAMAIDO COUNTY"
"ODEK", 5,"OMORO COUNTY"
"ODRAVU", 4,"ARINGA COUNTY"
"ODUPI", 5,"TEREGO COUNTY"
"OFFAKA", 1,"MADI-OKOLLO COUNTY"
"OFUA", 5,"EAST MOYO COUNTY"
"OGILI", 9,"LAMWO COUNTY"
"OGOKO", 2,"MADI-OKOLLO COUNTY"
"OGOM", 12,"ARUU COUNTY"
"OGOR", 5,"OTUKE COUNTY"
"OGUR", 3,"ERUTE COUNTY NORTH"
"OJWINA", 3,"LIRA MUNICIPALITY"
"OKOLLO", 3,"MADI-OKOLLO COUNTY"
"OKWALONGWEN", 10,"DOKOLO COUNTY"
"OKWANG", 2,"OTUKE COUNTY"
"OKWONGODUL", 11,"DOKOLO COUNTY"
"OLEBA", 3,"MARACHA COUNTY"
"OLI RIVER", 2,"ARUA MUNICIPALITY"
"OLILIM", 3,"OTUKE COUNTY"
"OLOK", 12,"PALLISA COUNTY"
"OLUFE", 6,"MARACHA COUNTY"
"OLUKO", 3,"AYIVU COUNTY"
"OLUVU", 4,"MARACHA COUNTY"
"OMIYA PACWA", 14,"AGAGO COUNTY"
"OMIYA-ANYIMA", 10,"CHUA COUNTY"
"OMODOI", 8,"TOROMA COUNTY"
"OMORO", 5,"AJURI COUNTY"
"OMOT", 5,"AGAGO COUNTY"
"OMUGO", 4,"TEREGO COUNTY"
"ONGAKO", 6,"OMORO COUNTY"
"ONGINO", 7,"KUMI COUNTY"
"ONGONGOJA", 9,"USUK COUNTY"
"OPWATETA", 7,"BUTEBO COUNTY"
"OROM", 7,"CHUA COUNTY"
"ORUM", 4,"OTUKE COUNTY"
"ORUNGO", 4,"AMURIA COUNTY"
"OSUKURU", 4,"TORORO COUNTY"
"OTUBOI", 4,"KALAKI COUNTY"
"OTUKE TOWN COUNCIL", 6,"OTUKE COUNTY"
"OTWAL", 4,"OYAM COUNTY NORTH"
"OYAM TOWN COUNCIL", 5,"OYAM COUNTY NORTH"
"PABBO", 4,"KILAK COUNTY"
"PACHARA", 9,"EAST MOYO COUNTY"
"PACHWA", 15,"BUYAGA EAST COUNTY"
"PADER", 4,"ARUU COUNTY"
"PADER TOWN COUNCIL", 8,"ARUU COUNTY"
"PADIBE EAST", 4,"LAMWO COUNTY"
"PADIBE WEST", 8,"LAMWO COUNTY"
"PAICHO", 3,"ASWA COUNTY"
"PAIDHA", 7,"OKORO COUNTY"
"PAIDHA TOWN COUNCIL", 5,"OKORO COUNTY"
"PAIMOL", 6,"AGAGO COUNTY"
"PAJULE", 5,"ARUU COUNTY"
"PAJULU", 4,"AYIVU COUNTY"
"PAKANYI", 6,"BURULI COUNTY"
"PAKELE", 6,"EAST MOYO COUNTY"
"PAKWACH", 1,"JONAM COUNTY"
"PAKWACH TOWN COUNCIL", 2,"JONAM COUNTY"
"PALABEK-GEM", 5,"LAMWO COUNTY"
"PALABEK-KAL", 6,"LAMWO COUNTY"
"PALAM", 10,"USUK COUNTY"
"PALARO", 4,"ASWA COUNTY"
"PALLISA", 6,"PALLISA COUNTY"
"PALLISA TOWN COUNCIL", 7,"PALLISA COUNTY"
"PALOGA", 7,"LAMWO COUNTY"
"PANYANGARA", 5,"JIE COUNTY"
"PANYANGO", 3,"JONAM COUNTY"
"PANYIMUR", 4,"JONAM COUNTY"
"PARABONGO", 7,"AGAGO COUNTY"
"PAROMBO", 7,"PADYERE COUNTY"
"PATIKO", 5,"ASWA COUNTY"
"PATONGO", 8,"AGAGO COUNTY"
"PATONGO TOWN COUNCIL", 15,"AGAGO COUNTY"
"PAWOR", 9,"MADI-OKOLLO COUNTY"
"PAYA", 4,"WEST BUDAMA COUNTY NORTH"
"PECE", 4,"GULU MUNICIPALITY"
"PETETE", 5,"BUTEBO COUNTY"
"PETTA", 5,"WEST BUDAMA COUNTY NORTH"
"PINGIRE", 3,"KASILO COUNTY"
"PURANGA", 7,"ARUU COUNTY"
"PURONGO", 4,"NWOYA COUNTY"
"PUTI-PUTI", 8,"PALLISA COUNTY"
"RAILWAYS", 4,"LIRA MUNICIPALITY"
"RAKAI TOWN COUNCIL", 8,"KOOKI COUNTY"
"RENGEN", 6,"JIE COUNTY"
"RHINO CAMP", 4,"MADI-OKOLLO COUNTY"
"RIGBO", 5,"MADI-OKOLLO COUNTY"
"RIWO", 10,"KONGASIS COUNTY"
"ROMOGI", 5,"ARINGA COUNTY"
"RUBAARE", 3,"RUSHENYI COUNTY"
"RUBAGA DIVISION", 1,"RUBAGA DIVISION SOUTH"
"RUBAYA", 3,"NDORWA COUNTY WEST"
"RUBINDI", 7,"KASHARI COUNTY"
"RUBIRIZI TOWN COUNCIL", 1,"BUNYARUGURU COUNTY"
"RUBONA TOWN COUNCIL", 9,"BUNYANGABU COUNTY"
"RUBONGI", 4,"WEST BUDAMA COUNTY SOUTH"
"RUBOROGOTA", 4,"ISINGIRO COUNTY SOUTH"
"RUGAAGA", 4,"BUKANGA COUNTY"
"RUGANDO", 6,"RWAMPARA COUNTY"
"RUGARAMA", 4,"RUSHENYI COUNTY"
"RUGASHARI", 8,"BUYAGA WEST COUNTY"
"RUGYEYO", 3,"KINKINZI COUNTY EAST"
"RUHAAMA", 4,"RUHAAMA COUNTY"
"RUHIJA", 4,"RUBANDA COUNTY WEST"
"RUHINDA", 6,"RUJUMBURA COUNTY"
"RUHUMURO", 6,"IGARA COUNTY EAST"
"RUKIRI", 5,"IBANDA COUNTY SOUTH"
"RUKOKI", 7,"BUSONGORA COUNTY SOUTH"
"RUKONI EAST", 8,"RUHAAMA COUNTY"
"RUKONI WEST", 5,"RUHAAMA COUNTY"
"RUPA", 3,"MATHENIKO COUNTY"
"RUREHE", 10,"RUHINDA COUNTY"
"RUSHANGO TOWN COUNCIL", 7,"IBANDA COUNTY NORTH"
"RUSHASHA", 6,"BUKANGA COUNTY"
"RUTEETE", 7,"BURAHYA COUNTY"
"RUTENGA", 4,"KINKINZI COUNTY EAST"
"RUTOTO", 8,"BUNYARUGURU COUNTY"
"RUYONZA", 6,"KYAKA COUNTY"
"RWABYATA", 8,"BUDYEBO COUNTY"
"RWAMUCUCU", 4,"RUKIGA COUNTY"
"RWANYAMAHEMBE", 8,"KASHARI COUNTY"
"RWEBISENGO", 3,"NTOROKO COUNTY"
"RWEIKINIRO", 6,"RUHAAMA COUNTY"
"RWEMIKOMA", 5,"KAZO COUNTY"
"RWENGWE", 4,"BUHWEJU COUNTY"
"RWENTUHA", 7,"KYAKA COUNTY"
"RWIMI", 4,"BUNYANGABU COUNTY"
"RWIMI TOWN COUNCIL", 7,"BUNYANGABU COUNTY"
"RYERU", 4,"BUNYARUGURU COUNTY"
"SANGA", 7,"NYABUSHOZI COUNTY"
"SANGA TOWN COUNCIL", 10,"NYABUSHOZI COUNTY"
"SEMUTO", 6,"NAKASEKE SOUTH COUNTY"
"SEMUTO TOWN COUNCIL", 11,"NAKASEKE SOUTH COUNTY"
"SENENDET", 11,"KONGASIS COUNTY"
"SERERE TOWN COUNCIL", 5,"SERERE COUNTY"
"SERERE/OLIO", 4,"SERERE COUNTY"
"SHUUKU", 3,"SHEEMA COUNTY SOUTH"
"SIBANGA", 5,"BUBULO COUNTY WEST"
"SIDOK (KAPOTH)", 9,"DODOTH EAST COUNTY"
"SIGULU ISLANDS", 4,"BUKOOLI ISLAND COUNTY"
"SIKUDA", 7,"SAMIA BUGWE COUNTY NORTH"
"SIMU", 15,"BULAMBULI COUNTY"
"SINDILA", 6,"BUGHENDERA COUNTY"
"SIPI", 4,"TINGEY COUNTY"
"SIRONKO TOWN COUNCIL", 5,"BUDADIRI COUNTY WEST"
"SISIYI", 9,"BULAMBULI COUNTY"
"SISUNI", 12,"BUBULO COUNTY WEST"
"SOPSOP", 7,"WEST BUDAMA COUNTY NORTH"
"SOROTI", 6,"SOROTI COUNTY"
"SOUTH DIVISION", 2,"MOROTO MUNICIPALITY"
"SOUTHERN DIVISION", 2,"FORT PORTAL MUNICIPALITY"
"SSEKANYONYI", 3,"MITYANA COUNTY SOUTH"
"SSEMBABULE TOWN COUNCIL", 5,"MAWOGOLA COUNTY"
"SSI", 5,"BUIKWE COUNTY SOUTH"
"SSISA", 3,"BUSIRO COUNTY SOUTH"
"SUAM", 4,"KONGASIS COUNTY"
"TAPAC", 4,"MATHENIKO COUNTY"
"TARA", 7,"MARACHA COUNTY"
"TEGERES", 5,"TINGEY COUNTY"
"TIRINYI", 7,"KIBUKU COUNTY"
"TOROMA", 6,"TOROMA COUNTY"
"TORORO EASTERN", 1,"TORORO MUNICIPALITY"
"TORORO WESTERN", 2,"TORORO MUNICIPALITY"
"TSEKULULU", 8,"BUBULO COUNTY EAST"
"TUBUR", 7,"SOROTI COUNTY"
"TULEL", 12,"KONGASIS COUNTY"
"UKUSIJONI", 10,"EAST MOYO COUNTY"
"ULEPPI", 6,"MADI-OKOLLO COUNTY"
"UNYAMA", 6,"ASWA COUNTY"
"URIAMA", 6,"TEREGO COUNTY"
"USUK", 7,"USUK COUNTY"
"VURRA", 4,"VURRA COUNTY"
"WABINYONYI", 5,"NAKASONGOLA COUNTY"
"WADELAI", 5,"JONAM COUNTY"
"WAIBUGA", 7,"LUUKA COUNTY"
"WAIRASA", 5,"BUNYA COUNTY WEST"
"WAKISI", 3,"BUIKWE COUNTY NORTH"
"WAKISO", 2,"BUSIRO COUNTY EAST"
"WAKISO TOWN COUNCIL", 3,"BUSIRO COUNTY EAST"
"WAKYATO", 7,"NAKASEKE NORTH COUNTY"
"WALUKUBA/MASESE", 2,"JINJA MUNICIPALITY EAST"
"WANALE", 5,"BUNGOKHO COUNTY NORTH"
"WANALE BOROUGH", 3,"MBALE MUNICIPALITY"
"WANKOLE", 5,"BUZAAYA COUNTY"
"WARR", 9,"OKORO COUNTY"
"WATTUBA", 7,"KIBOGA WEST COUNTY"
"WERA", 5,"AMURIA COUNTY"
"WESTERN", 3,"SOROTI MUNICIPALITY"
"WESTERN DIVISION", 3,"FORT PORTAL MUNICIPALITY"
"WESWA", 14,"BUBULO COUNTY WEST"
"WOBULENZI TOWN COUNCIL", 5,"KATIKAMU COUNTY SOUTH"
"WOL", 9,"AGAGO COUNTY"
"YIVU", 5,"MARACHA COUNTY"
"YUMBE TOWN COUNCIL", 7,"ARINGA COUNTY"
"ZESUI", 5,"BUDADIRI COUNTY EAST"
"ZEU", 6,"OKORO COUNTY"
"ZIROBWE", 5,"BAMUNANIKA COUNTY"
"ZOMBO TOWN COUNCIL", 10,"OKORO COUNTY"
